schooling,earnings
0,12.5572
1,12.37059
2,12.28345
3,12.53942
4,13.60204
5,13.69685
6,14.46392
7,15.48792
8,16.58223
9,17.75331
10,18.31583
11,18.93581
12,20.69255
13,22.40492
14,23.55711
15,25.12731
16,30.9133
17,30.25502
18,31.35148
19,31.24208
20,34.62525
